Warm,Kalt
aggressiv,*-Störung
aktiv,*-Therapie
aktive Kooperation,abnorm
ambivalent,abnorme Beziehungsmuster
anders,abnormes Beziehungsmuster
anders hörend,Abstand
Angebot,Abstand von ihr
angemessen,aggressiv
angenommen,aggressiv oppositionell
Angst,Aktionstherapie
anhaltend,am Rande
aufgehen,ambivalent emotional
aufgeschlossen,Ambulanz
ausdrücklich,Anforderung
aushalten,antriebsarm
begegnen,arbeiten
begleitet,Arbeitshaltung
bemüht,auffiel
benötigen,Aufmerksamkeitsstörung
besonderes Potential,ausdrücklich
besonders,ausführlich
besuchen,ausgeschlossen
Beziehung,Ausnahmen
Bildungsoption,Ausschluss
Bildungsort,auszuhalten
Blickkontakt,Behandlung
darf,bemängelt
darf begegnen,bemühen
darf dazugehören,bemüht
Dialog,Bemühung
direkt,benötigend
Distanz,besprochen
distanziert,betreut
dramatisch,Bewertung
dünnhäutig,Beziehungsmuster
eigene Normalität,Bezug
ein Mädchen,Bezug auf Beziehungen
ein Teil von,Bezugsperson
einlassen,Bildungsoption
Einvernehmen,Bildungsoptionen
emotional,Bindungsstörung
engagiert,deutlich
enthemmend,deutlich ambivalent
Entstehungsprozess,Diagnose
erfolgreich,direkt
erhalten,distanziert
Erwartungen,dramatisch
Feedback,dünnhäutig
frei,einfache Aktivitätsstörung
friedlich,eingeschränkt
friedliche Zuversicht,Einvernehmen
geduldig,EInzelkontakt
geduldig beantwortet,Einzelkontakte
gefördert,Epikrise
geistige Ressourcen,Ergebnis
gemeinsam,erläutert
gemeinsam spielen,erledigen
gemeinsames Gespräch,Erwartung
gesteigert,Erwartungen
gewachsen,etablieren
gut,festigt
gute,gegen
gute Neuigkeiten,gegenwärtige
gute Verbindung,geistig
guter Umgang,Grenzen überschreiten
im Blick behalten,Hintergrund
im Interesse,impulsiv
impulsiv,in der Lage
integrieren,informierend
intellektuell,insgesamt weigehend positiv
intensiv,Integrationshilfe
Interesse,integrieren
kein leichter Prozess,intensiv
konstruktiv,Interaktionstherapie
Kontakt,intervenieren
konzentriert,Intervention
Kooperation,kann nicht angenommen werden
körperliche Nähe,Kinder und Jugendpsychatrisch
korrekt,Kindesalter
kümmern,klar
Kunst,klare Reaktion
leicht,Klassenleiterin
Lernerfahrung,Kommunikation
lösend,konsequent
Möglichkeiten,konzentriert
Motivation,kümmern
müde,Laufbahn
Musiktherapeutisch,Leistung
Musiktherapie,Leistungsanforderung
nah,Leistungsergebnisse
Nähe,Leistungsniveau
offen,Leistungspotential
pflegerisch,Mädchen
positiv,medikamentös
primäre Bezugsperson,Medikinet
problemlos,melden
produktiv,methylphinidad
Pubertät,Minderstörung
Rahmen,müde
reagieren,multimodal
Reaktion,multimodales Behandlungssetting
regelmäßig,Mutter in Therapie integrieren
regelmäßig anhaltend,Mutter/Kind-Interaktionstherapie
schien,Nachbehandlung
schnell,Nachteil
schulmeidend,Nachteilsausgleich
sichtbar,nachvollziehbar
sichtbar werden,offensichtlich
spieltherapeutisch,ohne
sprechen,oppositionell
stark eingeschränkt,Organisation
steht zur Verfügung,organisiert
Störung,Ort
suchen,Pflegemutter
Tanz,pflegerisch pädagogisch
teilnehmen,planen
transparent,positiv
Umgang,primär
Unsicherheit,primäre Bezugsperson
Unterstützung,produktiv
Verbindung,psychiatrisch
vermögen,psychobehandlung
verstanden,psychotherapeutisch
vielfältig,Rahmen
Vorbehalte,Rahmen
wachsen lassen,Rahmen gesteckt
wahllos,Rahmenbedingung
wirkend,reaktive Bindungsstörung
Wohlempfinden,Regelklasse
Zeit nehmen,regelmäßig
zerrissen,Regeln
zur Verfügung,relativ einfach
zur Verfügung stehen,retard
zurückhaltend,Rolle
Zusammenarbeit,Sachstandsbericht
Zuversicht,schlägt schlagartig
zwischen den Stühlen,schnell
,Schulleiter
,schulmeidend
,Setting
,sichergestellt
,sichergestellt schnell zu reagieren
,sichtbar
,sie erhielt Therapie
,Sitzordnung
,Sitzordnung organisiert
,spieltherapeutisch
,stationär
,störend
,Therapie
,Therapien
,überschreiten
,Umgang
,umschlagen
,Unsicherheiten
,unverzichtbar
,Vereinbarung
,verhalten
,Verlauf
,Verlaufskontrolle
,Vorbehalt
,Vorbehalte
,vorbehalten
,Vorgang
,Vormund
,Vorurteil
,wahllos
,wahllos wirkend
,Weg
,wichtig
,Wiederholung
,Wohlergehen
,wüssten
,zerrissen
,zunehmend